id,name,lastname,price,flycode,typePassenger,statusFlight
1,Lou,Gonzalez,10000,BA2491A,FirstClass,Demorado
2,Ulrike,Muñoz,25000,IB0800A,FirstClass,Demorado
3,Brade,Rojas,20000,MM0987B,FirstClass,Demorado
4,Kimbell,Diaz,50000,BA2491A,FirstClass,Demorado
5,Sheelagh,Perez,18000,IB0800A,FirstClass,Demorado
6,Gayle,Soto,30000,MM0987B,FirstClass,Demorado
7,Kimberlee,Contreras,33000,BA2491A,FirstClass,Demorado
8,Henrieta,Silva,30000,IB0800A,FirstClass,Demorado
9,Jeanine,Martinez,18000,MM0987B,FirstClass,Demorado
10,Aggie,Sepulveda,15000,BA2491A,FirstClass,Demorado
11,Brandea,Morales,15000,IB0800A,FirstClass,Demorado
12,Cordelie,Rodriguez,50000,IB0800A,FirstClass,Demorado
13,Shel,Lopez,50000,MM0987B,FirstClass,Demorado
14,Bronnie,Fuentes,20000,MM0987B,FirstClass,Demorado
15,Megen,Hernandez,10000,BA2491A,FirstClass,Demorado
16,Iver,Torres,12000,BA2491A,FirstClass,Demorado
17,Ernesta,Araya,37000,BA2491A,FirstClass,Demorado
18,Cirillo,Flores,50000,MM0987B,FirstClass,Demorado
19,Park,Espinoza,30000,MM0987B,FirstClass,Demorado
20,Bellanca,Valenzuela,15000,BA2491A,FirstClass,Demorado
21,Bobbye,Castillo,15000,BA2491A,FirstClass,Demorado
22,Eugene,Tapia,50000,BA2491A,FirstClass,Demorado
23,Johnny,Reyes,33000,MM0987B,FirstClass,Demorado
24,Reagen,Gutierrez,42000,MM0987B,FirstClass,Demorado
25,Braden,Castro,25000,MM0987B,FirstClass,Demorado
26,Karim,Pizarro,25000,MM0987B,FirstClass,Demorado
27,Anthea,Alvarez,42000,MM0987B,FirstClass,Demorado
28,Doro,Vasquez,33000,IB0800A,FirstClass,Demorado
29,Gaye,Sanchez,37000,IB0800A,FirstClass,Demorado
30,Toby,Fernandez,15000,IB0800A,FirstClass,Demorado
31,Franny,Ramirez,15000,IB0800A,FirstClass,Demorado
32,Katey,Carrasco,42000,MM0987B,FirstClass,Demorado
33,Earle,Gomez,10000,BA2491A,FirstClass,Demorado
34,Redd,Cortes,42000,BA2491A,FirstClass,Demorado
35,Jehanna,Herrera,50000,BA2491A,FirstClass,Demorado
36,Cristie,Nuñez,10000,BA2491A,FirstClass,Demorado
37,Stefa,Jara,42000,BA2491A,FirstClass,Demorado
38,Roda,Vergara,25000,MM0987B,FirstClass,Demorado
39,Alfredo,Rivera,10000,MM0987B,FirstClass,Demorado
40,Sydney,Figueroa,10000,MM0987B,FirstClass,Demorado
41,Brnaba,Riquelme,30000,MM0987B,FirstClass,Demorado
42,Ame,Garcia,50000,BA2491A,ExecutiveClass,Demorado
43,Bradney,Miranda,25000,BA2491A,ExecutiveClass,Demorado
44,Margarete,Bravo,50000,BA2491A,ExecutiveClass,Demorado
45,Nikoletta,Vera,50000,MM0987B,FirstClass,Demorado
46,Lonnard,Molina,50000,IB0800A,FirstClass,Demorado
47,Raine,Vega,30000,IB0800A,FirstClass,Demorado
48,Noella,Campos,15000,IB0800A,FirstClass,Demorado
49,Dagmar,Sandoval,25000,IB0800A,FirstClass,Demorado
50,Carroll,Orellana,42000,IB0800A,FirstClass,Demorado
51,Marion,Cardenas,50000,IB0800A,FirstClass,Demorado
52,Carline,Olivares,12000,IB0800A,FirstClass,Demorado
53,Hyacinthie,Alarcon,15000,MM0987B,FirstClass,Demorado
54,Julina,Gallardo,33000,MM0987B,FirstClass,Demorado
55,Corina,Ortiz,37000,MM0987B,FirstClass,Demorado
56,Bernardine,Garrido,33000,MM0987B,FirstClass,Demorado
57,Homer,Salazar,18000,MM0987B,FirstClass,Demorado
58,Lianna,Guzman,12000,MM0987B,FirstClass,Demorado
59,Celene,Henriquez,50000,MM0987B,FirstClass,Demorado
60,Kori,Saavedra,50000,MM0987B,FirstClass,Demorado
61,Deeyn,Navarro,20000,MM0987B,FirstClass,Demorado
62,Marysa,Aguilera,20000,MM0987B,FirstClass,Demorado
63,Loy,Parra,15000,MM0987B,FirstClass,Demorado
64,Gabbey,Romero,37000,MM0987B,FirstClass,Demorado
65,Star,Aravena,33000,MM0987B,FirstClass,Demorado
66,Dominica,Vargas,33000,IB0800A,FirstClass,Demorado
67,Blanch,Vazquez,15000,IB0800A,FirstClass,Demorado
68,Cristobal,Caceres,15000,IB0800A,FirstClass,Demorado
69,Paulita,Yañez,50000,IB0800A,FirstClass,Demorado
70,Sayre,Leiva,33000,IB0800A,FirstClass,Demorado
71,Shaughn,Escobar,15000,IB0800A,FirstClass,Demorado
72,Katrine,Ruiz,25000,IB0800A,FirstClass,Demorado
73,Cristi,Valdes,42000,IB0800A,FirstClass,Demorado
74,Cristie,Vidal,25000,IB0800A,ExecutiveClass,Demorado
75,Solomon,Salinas,10000,IB0800A,ExecutiveClass,Demorado
76,Nananne,Zuñiga,33000,IB0800A,ExecutiveClass,Demorado
77,Sacha,Peña,25000,IB0800A,ExecutiveClass,Demorado
78,Morse,Godoy,25000,IB0800A,ExecutiveClass,Demorado
79,Roland,Lagos,25000,IB0800A,ExecutiveClass,Demorado
80,Jesselyn,Maldonado,30000,IB0800A,ExecutiveClass,Demorado
81,Kylila,Bustos,12000,IB0800A,ExecutiveClass,Demorado
82,Kendre,Medina,25000,IB0800A,ExecutiveClass,Demorado
83,Lesya,Pino,15000,IB0800A,ExecutiveClass,Demorado
84,Tatiania,Palma,20000,IB0800A,ExecutiveClass,Demorado
85,Trenton,Moreno,12000,IB0800A,ExecutiveClass,Demorado
86,Angie,Sanhueza,20000,MM0987B,FirstClass,Demorado
87,Joelle,Carvajal,37000,MM0987B,FirstClass,Demorado
88,George,Navarrete,30000,MM0987B,ExecutiveClass,Demorado
89,Guenevere,Saez,30000,MM0987B,ExecutiveClass,Demorado
90,Margaretha,Alvarado,10000,MM0987B,ExecutiveClass,Demorado
91,Sully,Donoso,15000,MM0987B,ExecutiveClass,Demorado
92,Lonni,Poblete,50000,MM0987B,ExecutiveClass,Demorado
93,Nicky,Bustamante,42000,MM0987B,ExecutiveClass,Demorado
94,My,Toro,18000,MM0987B,ExecutiveClass,Demorado
95,Kyrstin,Ortega,37000,IB0800A,ExecutiveClass,Demorado
96,Martino,Venegas,15000,IB0800A,ExecutiveClass,Demorado
97,Marcellus,Guerrero,50000,IB0800A,ExecutiveClass,Demorado
98,Jacquelin,Mendoza,30000,IB0800A,ExecutiveClass,Demorado
99,Aleda,Farias,50000,IB0800A,ExecutiveClass,Demorado
100,Georgeta,San Martin,10000,IB0800A,ExecutiveClass,Demorado
101,Marcille,Gonzalez,10000,IB0800A,ExecutiveClass,Demorado
102,Ertha,Fernandez,10000,IB0800A,ExecutiveClass,Demorado
103,Desiri,Rodriguez,25000,MM0987B,ExecutiveClass,Demorado
104,Geneva,Lopez,33000,MM0987B,ExecutiveClass,Demorado
105,Kilian,Martinez,42000,MM0987B,ExecutiveClass,Demorado
106,Nance,Sanchez,10000,MM0987B,ExecutiveClass,Demorado
107,Gaven,Perez,10000,MM0987B,ExecutiveClass,Demorado
108,Carlie,Gomez,10000,MM0987B,ExecutiveClass,Demorado
109,Trixie,Martin,42000,IB0800A,ExecutiveClass,Demorado
110,Dominick,Jimenez,30000,IB0800A,ExecutiveClass,Demorado
111,Petey,Ruiz,15000,IB0800A,ExecutiveClass,Demorado
112,Tersina,Hernandez,30000,IB0800A,ExecutiveClass,Demorado
113,Johnathon,Diaz,15000,IB0800A,ExecutiveClass,Demorado
114,Freddie,Moreno,12000,IB0800A,ExecutiveClass,Demorado
115,Harmon,Alvarez,50000,IB0800A,ExecutiveClass,Demorado
116,Tracey,Muñoz,20000,IB0800A,ExecutiveClass,Demorado
117,Cherrita,Romero,33000,MM0987B,ExecutiveClass,Demorado
118,Stu,Alonso,12000,MM0987B,ExecutiveClass,Demorado
119,Glenda,Gutierrez,37000,MM0987B,ExecutiveClass,Demorado
120,Lorettalorna,Navarro,25000,MM0987B,ExecutiveClass,Demorado
121,Patrizio,Torres,15000,IB0800A,ExecutiveClass,Demorado
122,Linda,Dominguez,30000,IB0800A,ExecutiveClass,Demorado
123,Pippa,Vazquez,20000,IB0800A,ExecutiveClass,Demorado
124,Pen,Ramos,18000,IB0800A,EconomyClass,Demorado
125,Esteban,Gonzalez,15000,IB0800A,EconomyClass,Demorado
126,Fonzie,Muñoz,15000,IB0800A,EconomyClass,Demorado
127,Cindelyn,Rojas,12000,IB0800A,EconomyClass,Demorado
128,Zacharie,Diaz,30000,BA2491A,ExecutiveClass,Demorado
129,Vina,Perez,42000,BA2491A,ExecutiveClass,Demorado
130,Omero,Soto,10000,BA2491A,ExecutiveClass,Demorado
131,Tom,Contreras,33000,BA2491A,ExecutiveClass,Demorado
132,Dante,Silva,30000,BA2491A,ExecutiveClass,Demorado
133,Cordy,Martinez,18000,BA2491A,ExecutiveClass,Demorado
134,Stephenie,Sepulveda,50000,BA2491A,ExecutiveClass,Demorado
135,Dunstan,Morales,20000,BA2491A,ExecutiveClass,Demorado
136,Gideon,Rodriguez,15000,BA2491A,ExecutiveClass,Demorado
137,Johnette,Lopez,10000,BA2491A,ExecutiveClass,Demorado
138,Brynn,Fuentes,50000,BA2491A,ExecutiveClass,Demorado
139,Yankee,Hernandez,42000,BA2491A,ExecutiveClass,Demorado
140,Corbin,Torres,42000,BA2491A,ExecutiveClass,Demorado
141,Coreen,Araya,18000,IB0800A,EconomyClass,Demorado
142,Tanya,Flores,30000,IB0800A,EconomyClass,Demorado
143,Jenna,Espinoza,25000,IB0800A,EconomyClass,Demorado
144,Flora,Valenzuela,33000,IB0800A,EconomyClass,Demorado
145,Dianna,Castillo,20000,IB0800A,EconomyClass,Demorado
146,Armand,Tapia,15000,IB0800A,EconomyClass,Demorado
147,Gustie,Reyes,42000,IB0800A,EconomyClass,Demorado
148,Benton,Gutierrez,12000,IB0800A,EconomyClass,Demorado
149,Lena,Castro,25000,IB0800A,EconomyClass,Demorado
150,Dot,Pizarro,18000,IB0800A,EconomyClass,Demorado
151,Meryl,Alvarez,12000,IB0800A,EconomyClass,Demorado
152,Babbie,Vasquez,15000,IB0800A,EconomyClass,Demorado
153,Byram,Sanchez,42000,IB0800A,EconomyClass,Demorado
154,Bertine,Fernandez,25000,IB0800A,EconomyClass,Demorado
155,Osbert,Ramirez,42000,IB0800A,EconomyClass,Demorado
156,Tanny,Carrasco,42000,IB0800A,EconomyClass,Demorado
157,Maryjo,Gomez,12000,IB0800A,EconomyClass,Demorado
158,Clarie,Cortes,42000,IB0800A,EconomyClass,Demorado
159,Kipp,Herrera,15000,IB0800A,EconomyClass,Demorado
160,Leonie,Nuñez,50000,IB0800A,EconomyClass,Demorado
161,Ferdie,Jara,15000,IB0800A,EconomyClass,Demorado
162,Ofella,Vergara,50000,IB0800A,EconomyClass,Demorado
163,Pascale,Rivera,15000,IB0800A,EconomyClass,Demorado
164,Cathrin,Figueroa,30000,IB0800A,EconomyClass,Demorado
165,Sib,Riquelme,33000,IB0800A,EconomyClass,Demorado
166,Darleen,Garcia,42000,IB0800A,EconomyClass,Demorado
167,Didi,Miranda,15000,IB0800A,EconomyClass,Demorado
168,Lodovico,Bravo,18000,IB0800A,EconomyClass,Demorado
169,Farley,Vera,12000,IB0800A,EconomyClass,Demorado
170,Devi,Molina,25000,IB0800A,EconomyClass,Demorado
171,Clair,Vega,37000,IB0800A,EconomyClass,Demorado
172,Addy,Campos,33000,IB0800A,EconomyClass,Demorado
173,Brandon,Sandoval,18000,IB0800A,EconomyClass,Demorado
174,Prentiss,Orellana,30000,IB0800A,EconomyClass,Demorado
175,Lorant,Cardenas,50000,MM0987B,ExecutiveClass,Demorado
176,Wanids,Olivares,30000,MM0987B,ExecutiveClass,Demorado
177,Robbi,Alarcon,10000,MM0987B,ExecutiveClass,Demorado
178,Mellicent,Gallardo,50000,MM0987B,ExecutiveClass,Demorado
179,Lynea,Ortiz,20000,MM0987B,ExecutiveClass,Demorado
180,Nial,Garrido,15000,MM0987B,ExecutiveClass,Demorado
181,Guillaume,Salazar,37000,MM0987B,ExecutiveClass,Demorado
182,Loutitia,Guzman,25000,MM0987B,ExecutiveClass,Demorado
183,Ruthe,Henriquez,30000,MM0987B,ExecutiveClass,Demorado
184,Eric,Saavedra,50000,MM0987B,ExecutiveClass,Demorado
185,Marcellus,Navarro,30000,MM0987B,ExecutiveClass,Demorado
186,Ian,Aguilera,42000,MM0987B,ExecutiveClass,Demorado
187,Sebastien,Parra,37000,MM0987B,ExecutiveClass,Demorado
188,Scarface,Romero,50000,MM0987B,ExecutiveClass,Demorado
189,Maible,Aravena,18000,MM0987B,ExecutiveClass,Demorado
190,Waldon,Vargas,30000,MM0987B,ExecutiveClass,Demorado
191,Bethina,Vazquez,15000,MM0987B,ExecutiveClass,Demorado
192,Farand,Caceres,42000,MM0987B,ExecutiveClass,Demorado
193,Zolly,Yañez,25000,MM0987B,ExecutiveClass,Demorado
194,Philipa,Leiva,42000,TU6789B,FirstClass,Demorado
195,Roderigo,Escobar,20000,BA2491A,ExecutiveClass,Demorado
196,Otho,Ruiz,20000,BA2491A,ExecutiveClass,Demorado
197,Alasteir,Valdes,20000,BA2491A,ExecutiveClass,Demorado
198,Eleonora,Vidal,42000,BA2491A,EconomyClass,Demorado
199,Eliot,Salinas,12000,BA2491A,EconomyClass,Demorado
200,Alana,Zuñiga,30000,BA2491A,EconomyClass,Demorado
201,Odey,Peña,20000,BA2491A,EconomyClass,Demorado
202,Yorke,Godoy,15000,BA2491A,EconomyClass,Demorado
203,Cissiee,Lagos,18000,BA2491A,EconomyClass,Demorado
204,Jillana,Maldonado,18000,BA2491A,EconomyClass,Demorado
205,Mallorie,Bustos,30000,TU6789B,FirstClass,Demorado
206,Borden,Medina,12000,TU6789B,FirstClass,Demorado
207,Maddie,Pino,33000,TU6789B,FirstClass,Demorado
208,Weider,Palma,50000,TU6789B,FirstClass,Demorado
209,Asia,Moreno,37000,TU6789B,FirstClass,Demorado
210,Sayres,Sanhueza,10000,TU6789B,FirstClass,Demorado
211,Marcile,Carvajal,30000,TU6789B,FirstClass,Demorado
212,Thomasina,Navarrete,42000,TU6789B,FirstClass,Demorado
213,Darwin,Saez,18000,TU6789B,FirstClass,Demorado
214,Nicolina,Alvarado,30000,TU6789B,FirstClass,Demorado
215,Nita,Donoso,12000,TU6789B,FirstClass,Demorado
216,Nikoletta,Poblete,12000,TU6789B,FirstClass,Demorado
217,Dwight,Bustamante,42000,TU6789B,FirstClass,Demorado
218,Romola,Toro,50000,TU6789B,FirstClass,Demorado
219,Kaile,Ortega,33000,TU6789B,FirstClass,Demorado
220,Mozes,Venegas,25000,TU6789B,FirstClass,Demorado
221,Aylmer,Guerrero,33000,TU6789B,FirstClass,Demorado
222,Marina,Mendoza,12000,TU6789B,FirstClass,Demorado
223,Enrico,Farias,50000,TU6789B,FirstClass,Demorado
224,Zonda,San Martin,33000,TU6789B,FirstClass,Demorado
225,Adriano,Gonzalez,33000,TU6789B,FirstClass,Demorado
226,Trula,Fernandez,30000,TU6789B,FirstClass,Demorado
227,Adel,Rodriguez,30000,TU6789B,FirstClass,Demorado
228,Jeniece,Lopez,15000,TU6789B,FirstClass,Demorado
229,Tabina,Martinez,10000,TU6789B,FirstClass,Demorado
230,Liana,Sanchez,33000,TU6789B,FirstClass,Demorado
231,Marmaduke,Perez,10000,BA2491A,EconomyClass,Demorado
232,Alla,Gomez,30000,BA2491A,EconomyClass,Demorado
233,Peter,Martin,12000,BA2491A,EconomyClass,Demorado
234,Pietro,Jimenez,18000,BA2491A,EconomyClass,Demorado
235,Hiram,Ruiz,20000,BA2491A,EconomyClass,Demorado
236,Anastasia,Hernandez,18000,BA2491A,EconomyClass,Demorado
237,Cathleen,Diaz,10000,TU6789B,FirstClass,Demorado
238,Leeanne,Moreno,15000,TU6789B,FirstClass,Demorado
239,Chet,Alvarez,42000,TU6789B,FirstClass,Demorado
240,Billie,Muñoz,37000,TU6789B,FirstClass,Demorado
241,Alexandra,Romero,42000,TU6789B,FirstClass,Demorado
242,Broddie,Alonso,42000,TU6789B,ExecutiveClass,Demorado
243,Brigham,Gutierrez,25000,TU6789B,ExecutiveClass,Demorado
244,Cal,Navarro,42000,TU6789B,ExecutiveClass,Demorado
245,Donal,Torres,18000,TU6789B,ExecutiveClass,Demorado
246,Adam,Dominguez,20000,TU6789B,ExecutiveClass,Demorado
247,Dotty,Vazquez,42000,TU6789B,ExecutiveClass,Demorado
248,Maynard,Ramos,18000,TU6789B,ExecutiveClass,Demorado
249,Jessee,Gonzalez,30000,TU6789B,ExecutiveClass,Demorado
250,Tiphani,Muñoz,42000,TU6789B,ExecutiveClass,Demorado
251,Jenna,Rojas,30000,TU6789B,ExecutiveClass,Demorado
252,Karlotte,Diaz,20000,BA2491A,EconomyClass,Demorado
253,Norene,Perez,25000,BA2491A,EconomyClass,Demorado
254,Morris,Soto,10000,BA2491A,EconomyClass,Demorado
255,Yuri,Contreras,25000,BA2491A,EconomyClass,Demorado
256,Gusty,Silva,10000,BA2491A,EconomyClass,Demorado
257,Jori,Martinez,12000,BA2491A,EconomyClass,Demorado
258,Sydelle,Sepulveda,30000,BA2491A,EconomyClass,Demorado
259,Merrile,Morales,50000,BA2491A,EconomyClass,Demorado
260,Tadd,Rodriguez,50000,TU6789B,ExecutiveClass,Demorado
261,Josiah,Lopez,10000,TU6789B,ExecutiveClass,Demorado
262,Melisa,Fuentes,12000,TU6789B,ExecutiveClass,Demorado
263,Orelee,Hernandez,20000,TU6789B,ExecutiveClass,Demorado
264,Stephen,Torres,37000,TU6789B,ExecutiveClass,Demorado
265,Blair,Araya,50000,TU6789B,ExecutiveClass,Demorado
266,Arel,Flores,30000,TU6789B,ExecutiveClass,Demorado
267,Abbie,Espinoza,25000,TU6789B,ExecutiveClass,Demorado
268,Channa,Valenzuela,50000,TU6789B,ExecutiveClass,Demorado
269,Shirl,Castillo,20000,TU6789B,ExecutiveClass,Demorado
270,Edlin,Tapia,20000,TU6789B,ExecutiveClass,Demorado
271,Larina,Reyes,18000,TU6789B,ExecutiveClass,Demorado
272,Duncan,Gutierrez,37000,TU6789B,ExecutiveClass,Demorado
273,Bond,Castro,10000,TU6789B,ExecutiveClass,Demorado
274,Dyann,Pizarro,50000,TU6789B,ExecutiveClass,Demorado
275,Charmian,Alvarez,15000,TU6789B,ExecutiveClass,Demorado
276,Dru,Vasquez,50000,TU6789B,ExecutiveClass,Demorado
277,Kiel,Sanchez,50000,TU6789B,ExecutiveClass,Demorado
278,Emory,Fernandez,15000,TU6789B,ExecutiveClass,Demorado
279,Alberik,Ramirez,50000,TU6789B,ExecutiveClass,Demorado
280,Koenraad,Carrasco,20000,TU6789B,ExecutiveClass,Demorado
281,Rafaellle,Gomez,50000,TU6789B,ExecutiveClass,Demorado
282,Edie,Cortes,25000,TU6789B,ExecutiveClass,Demorado
283,Osbert,Herrera,15000,TU6789B,ExecutiveClass,Demorado
284,Sidonia,Nuñez,10000,TU6789B,ExecutiveClass,Demorado
285,Bartel,Jara,37000,TU6789B,ExecutiveClass,Demorado
286,Jodi,Vergara,30000,BA2491A,EconomyClass,Demorado
287,Ofelia,Rivera,30000,BA2491A,EconomyClass,Demorado
288,Dudley,Figueroa,42000,BA2491A,EconomyClass,Demorado
289,Dulcea,Riquelme,25000,BA2491A,EconomyClass,Demorado
290,Gordon,Garcia,25000,BA2491A,EconomyClass,Demorado
291,Chalmers,Miranda,10000,BA2491A,EconomyClass,Demorado
292,Christiano,Bravo,50000,BA2491A,EconomyClass,Demorado
293,Russell,Vera,50000,BA2491A,EconomyClass,Demorado
294,Cleo,Molina,50000,BA2491A,EconomyClass,Demorado
295,Catriona,Vega,42000,TU6789B,ExecutiveClass,Demorado
296,Leigh,Campos,37000,TU6789B,ExecutiveClass,Demorado
297,Ddene,Sandoval,12000,TU6789B,ExecutiveClass,Demorado
298,Sayre,Orellana,18000,TU6789B,EconomyClass,Demorado
299,Jody,Cardenas,33000,TU6789B,EconomyClass,Demorado
300,Zabrina,Olivares,12000,TU6789B,EconomyClass,Demorado
301,Cos,Alarcon,30000,TU6789B,EconomyClass,Demorado
302,Ron,Gallardo,20000,TU6789B,EconomyClass,Demorado
303,Charin,Ortiz,12000,TU6789B,EconomyClass,Demorado
304,Coleman,Garrido,33000,TU6789B,EconomyClass,Demorado
305,Jacinda,Salazar,50000,TU6789B,EconomyClass,Demorado
306,Silvan,Guzman,12000,TU6789B,EconomyClass,Demorado
307,Renie,Henriquez,33000,TU6789B,EconomyClass,Demorado
308,Davide,Saavedra,42000,TU6789B,EconomyClass,Demorado
309,Ernestus,Navarro,12000,TU6789B,EconomyClass,Demorado
310,Brnaba,Aguilera,37000,TU6789B,EconomyClass,Demorado
311,Tabor,Parra,37000,TU6789B,EconomyClass,Demorado
312,Lenci,Romero,42000,TU6789B,EconomyClass,Demorado
313,Franchot,Aravena,12000,TU6789B,EconomyClass,Demorado
314,Charisse,Vargas,50000,TU6789B,EconomyClass,Demorado
315,Timothea,Vazquez,20000,TU6789B,EconomyClass,Demorado
316,Angelika,Caceres,50000,BA2491A,EconomyClass,Demorado
317,Web,Yañez,37000,BA2491A,EconomyClass,Demorado
318,Urban,Leiva,10000,BA2491A,EconomyClass,Demorado
319,Fan,Escobar,18000,BA2491A,EconomyClass,Demorado
320,Donaugh,Ruiz,12000,BA2491A,EconomyClass,Demorado
321,Wilona,Valdes,25000,BA2491A,EconomyClass,Demorado
322,Richard,Vidal,42000,BA2491A,EconomyClass,Demorado
323,Hilary,Salinas,37000,BA2491A,EconomyClass,Demorado
324,Ad,Zuñiga,33000,BA2491A,EconomyClass,Demorado
325,Maynord,Peña,42000,BA2491A,EconomyClass,Demorado
326,Lina,Godoy,12000,TU6789B,EconomyClass,Demorado
327,Nerty,Lagos,20000,TU6789B,EconomyClass,Demorado
328,Matias,Maldonado,33000,TU6789B,EconomyClass,Demorado
329,Urbano,Bustos,50000,TU6789B,EconomyClass,Demorado
330,Rosemarie,Medina,33000,TU6789B,EconomyClass,Demorado
331,Booth,Pino,15000,TU6789B,EconomyClass,Demorado
332,Eden,Palma,18000,TU6789B,EconomyClass,Demorado
333,Cornie,Moreno,15000,TU6789B,EconomyClass,Demorado
334,Isak,Sanhueza,20000,TU6789B,EconomyClass,Demorado
335,Rand,Carvajal,20000,TU6789B,EconomyClass,Demorado
336,Dominique,Navarrete,37000,TU6789B,EconomyClass,Demorado
337,Lira,Saez,30000,TU6789B,EconomyClass,Demorado
338,Filbert,Alvarado,20000,TU6789B,EconomyClass,Demorado
339,Nona,Donoso,30000,TU6789B,EconomyClass,Demorado
340,Melloney,Poblete,33000,TU6789B,EconomyClass,Demorado
341,Rafaello,Bustamante,37000,TU6789B,EconomyClass,Demorado
342,Floria,Toro,12000,TU6789B,EconomyClass,Demorado
343,Johannes,Ortega,18000,TU6789B,EconomyClass,Demorado
344,Genevra,Venegas,10000,TU6789B,EconomyClass,Demorado
345,Aldric,Guerrero,50000,TU6789B,EconomyClass,Demorado
346,Janeta,Mendoza,10000,TU6789B,EconomyClass,Demorado
347,Tarra,Farias,12000,TU6789B,EconomyClass,Demorado
348,Jefferey,San Martin,33000,TU6789B,EconomyClass,Demorado
349,Cassie,Gonzalez,50000,TU6789B,EconomyClass,Demorado
350,Maiga,Fernandez,20000,TU6789B,EconomyClass,Demorado
351,Heddi,Rodriguez,20000,TU6789B,EconomyClass,Demorado
352,Marieann,Lopez,50000,TU6789B,EconomyClass,Demorado
353,Carita,Martinez,42000,TU6789B,EconomyClass,Demorado
354,Kurtis,Sanchez,50000,TU6789B,EconomyClass,Demorado
355,Wilfred,Perez,20000,TU6789B,EconomyClass,Demorado
356,Isabelle,Gomez,20000,TU6789B,EconomyClass,Demorado
357,Nisse,Martin,37000,TU6789B,EconomyClass,Demorado
358,Ula,Jimenez,50000,TU6789B,EconomyClass,Demorado
359,Tully,Ruiz,18000,TU6789B,EconomyClass,Demorado
360,Honor,Hernandez,30000,TU6789B,EconomyClass,Demorado
361,Sinclair,Diaz,50000,TU6789B,EconomyClass,Demorado
362,Buddy,Moreno,50000,TU6789B,EconomyClass,Demorado
363,Neilla,Alvarez,50000,TU6789B,EconomyClass,Demorado
364,Junie,Muñoz,20000,TU6789B,EconomyClass,Demorado
365,Neely,Romero,20000,TU6789B,EconomyClass,Demorado
366,Klarrisa,Alonso,18000,TU6789B,EconomyClass,Demorado
367,Maryellen,Gutierrez,37000,TU6789B,EconomyClass,Demorado
368,Clywd,Navarro,33000,TU6789B,EconomyClass,Demorado
369,Deni,Torres,42000,TU6789B,EconomyClass,Demorado
370,Ingrim,Dominguez,30000,TU6789B,EconomyClass,Demorado
371,Franni,Vazquez,42000,TU6789B,EconomyClass,Demorado
372,Andy,Ramos,37000,TU6789B,EconomyClass,Demorado
373,Veronica,Gonzalez,42000,TU6789B,EconomyClass,Demorado
374,Dalis,Muñoz,42000,TU6789B,EconomyClass,Demorado
375,Nanni,Rojas,25000,BA2491A,EconomyClass,Demorado
376,Vikky,Diaz,15000,BA2491A,EconomyClass,Demorado
377,Hussein,Perez,25000,BA2491A,EconomyClass,Demorado
378,Brigg,Soto,10000,BA2491A,EconomyClass,Demorado
379,Crawford,Contreras,12000,BA2491A,EconomyClass,Demorado
380,Fran,Silva,30000,BA2491A,EconomyClass,Demorado
381,Silas,Martinez,15000,BA2491A,EconomyClass,Demorado
382,Alister,Sepulveda,33000,BA2491A,EconomyClass,Demorado
383,George,Morales,15000,TU6789B,EconomyClass,Demorado
384,Nonnah,Rodriguez,25000,TU6789B,EconomyClass,Demorado
385,Gayel,Lopez,20000,TU6789B,EconomyClass,Demorado
386,Demeter,Fuentes,10000,TU6789B,EconomyClass,Demorado
387,Juliann,Hernandez,50000,TU6789B,EconomyClass,Demorado
388,Shauna,Torres,25000,TU6789B,EconomyClass,Demorado
389,Anna-maria,Araya,42000,TU6789B,EconomyClass,Demorado
390,Ag,Flores,50000,TU6789B,EconomyClass,Demorado
391,Sherwin,Espinoza,50000,MM0987B,ExecutiveClass,Demorado
392,Vikki,Valenzuela,33000,MM0987B,ExecutiveClass,Demorado
393,Barret,Castillo,10000,MM0987B,ExecutiveClass,Demorado
394,Gaelan,Tapia,25000,MM0987B,ExecutiveClass,Demorado
395,Livy,Reyes,20000,MM0987B,ExecutiveClass,Demorado
396,Iorgos,Gutierrez,18000,MM0987B,ExecutiveClass,Demorado
397,Charil,Castro,33000,MM0987B,ExecutiveClass,Demorado
398,Easter,Pizarro,30000,MM0987B,ExecutiveClass,Demorado
399,Esdras,Alvarez,37000,MM0987B,ExecutiveClass,Demorado
400,Prince,Vasquez,25000,MM0987B,EconomyClass,Demorado
401,Vail,Sanchez,33000,MM0987B,EconomyClass,Demorado
402,Rachel,Fernandez,12000,MM0987B,EconomyClass,Demorado
403,Bar,Ramirez,20000,TU6789B,EconomyClass,Demorado
404,Willa,Carrasco,30000,TU6789B,EconomyClass,Demorado
405,Amerigo,Gomez,33000,TU6789B,EconomyClass,Demorado
406,Fredric,Cortes,50000,TU6789B,EconomyClass,Demorado
407,Mikael,Herrera,50000,TU6789B,EconomyClass,Demorado
408,Benson,Nuñez,20000,TU6789B,EconomyClass,Demorado
409,Sileas,Jara,20000,TU6789B,EconomyClass,Demorado
410,Fidelia,Vergara,12000,TU6789B,EconomyClass,Demorado
411,Frayda,Rivera,30000,TU6789B,EconomyClass,Demorado
412,Babita,Figueroa,30000,TU6789B,EconomyClass,Demorado
413,Clair,Riquelme,42000,TU6789B,EconomyClass,Demorado
414,Morie,Garcia,12000,TU6789B,EconomyClass,Demorado
415,Skylar,Miranda,20000,TU6789B,EconomyClass,Demorado
416,Dennie,Bravo,42000,TU6789B,EconomyClass,Demorado
417,Sibley,Vera,20000,TU6789B,EconomyClass,Demorado
418,Addia,Molina,20000,TU6789B,EconomyClass,Demorado
419,Ed,Vega,18000,TU6789B,EconomyClass,Demorado
420,Lothaire,Campos,12000,TU6789B,EconomyClass,Demorado
421,Neila,Sandoval,15000,TU6789B,EconomyClass,Demorado
422,Jennifer,Orellana,15000,GU2345F,FirstClass,Demorado
423,Keelby,Cardenas,15000,GU2345F,FirstClass,Demorado
424,Chuck,Olivares,33000,GU2345F,FirstClass,Demorado
425,Jordan,Alarcon,33000,GU2345F,FirstClass,Demorado
426,Minnnie,Gallardo,20000,GU2345F,FirstClass,Demorado
427,Carine,Ortiz,33000,GU2345F,FirstClass,Demorado
428,Kelly,Garrido,37000,GU2345F,FirstClass,Demorado
429,Coleman,Salazar,25000,GU2345F,FirstClass,Demorado
430,Pincus,Guzman,42000,GU2345F,FirstClass,Demorado
431,Smitty,Henriquez,15000,GU2345F,FirstClass,Demorado
432,Wade,Saavedra,12000,GU2345F,FirstClass,Demorado
433,Emmit,Navarro,12000,GU2345F,FirstClass,Demorado
434,Brietta,Aguilera,42000,GU2345F,FirstClass,Demorado
435,Wesley,Parra,10000,GU2345F,FirstClass,Demorado
436,Felicdad,Romero,18000,GU2345F,FirstClass,Demorado
437,Any,Aravena,18000,GU2345F,FirstClass,Demorado
438,Gardie,Vargas,12000,GU2345F,FirstClass,Demorado
439,Leelah,Vazquez,25000,GU2345F,FirstClass,Demorado
440,Garold,Caceres,20000,GU2345F,FirstClass,Demorado
441,Regine,Yañez,10000,GU2345F,FirstClass,Demorado
442,Tam,Leiva,20000,GU2345F,ExecutiveClass,Demorado
443,Davon,Escobar,20000,GU2345F,ExecutiveClass,Demorado
444,Chrissy,Ruiz,18000,GU2345F,ExecutiveClass,Demorado
445,Ozzie,Valdes,20000,GU2345F,ExecutiveClass,Demorado
446,Rina,Vidal,20000,GU2345F,ExecutiveClass,Demorado
447,Guy,Salinas,42000,GU2345F,ExecutiveClass,Demorado
448,Lenora,Zuñiga,18000,GU2345F,ExecutiveClass,Demorado
449,Julietta,Peña,42000,GU2345F,ExecutiveClass,Demorado
450,Alexandr,Godoy,18000,GU2345F,ExecutiveClass,Demorado
451,Margalit,Lagos,15000,GU2345F,ExecutiveClass,Demorado
452,Samara,Maldonado,50000,GU2345F,ExecutiveClass,Demorado
453,Portie,Bustos,15000,GU2345F,ExecutiveClass,Demorado
454,Korella,Medina,33000,GU2345F,ExecutiveClass,Demorado
455,Hilly,Pino,30000,GU2345F,ExecutiveClass,Demorado
456,Leeanne,Palma,10000,GU2345F,ExecutiveClass,Demorado
457,Arnaldo,Moreno,10000,GU2345F,ExecutiveClass,Demorado
458,Kassi,Sanhueza,37000,GU2345F,ExecutiveClass,Demorado
459,Karen,Carvajal,20000,GU2345F,ExecutiveClass,Demorado
460,Mac,Navarrete,20000,GU2345F,ExecutiveClass,Demorado
461,Anthia,Saez,37000,GU2345F,ExecutiveClass,Demorado
462,Marsiella,Alvarado,20000,GU2345F,ExecutiveClass,Demorado
463,Shea,Donoso,12000,GU2345F,ExecutiveClass,Demorado
464,Liana,Poblete,15000,GU2345F,ExecutiveClass,Demorado
465,Carley,Bustamante,12000,GU2345F,ExecutiveClass,Demorado
466,Carlye,Toro,37000,GU2345F,ExecutiveClass,Demorado
467,Svend,Ortega,25000,GU2345F,ExecutiveClass,Demorado
468,Kendell,Venegas,25000,GU2345F,ExecutiveClass,Demorado
469,Chrisy,Guerrero,15000,GU2345F,ExecutiveClass,Demorado
470,Rod,Mendoza,50000,GU2345F,ExecutiveClass,Demorado
471,Ramsay,Farias,20000,GU2345F,ExecutiveClass,Demorado
472,Saidee,San Martin,50000,GU2345F,ExecutiveClass,Demorado
473,Erek,Gonzalez,10000,GU2345F,ExecutiveClass,Demorado
474,Salomi,Fernandez,10000,GU2345F,ExecutiveClass,Demorado
475,Coletta,Rodriguez,50000,GU2345F,ExecutiveClass,Demorado
476,Abigael,Lopez,12000,GU2345F,ExecutiveClass,Demorado
477,Mariele,Martinez,33000,GU2345F,EconomyClass,Demorado
478,Brooke,Sanchez,20000,GU2345F,EconomyClass,Demorado
479,Benita,Perez,25000,GU2345F,EconomyClass,Demorado
480,Marissa,Gomez,37000,GU2345F,EconomyClass,Demorado
481,Lionello,Martin,37000,GU2345F,EconomyClass,Demorado
482,Tori,Jimenez,42000,GU2345F,EconomyClass,Demorado
483,Micheil,Ruiz,37000,GU2345F,EconomyClass,Demorado
484,Kym,Hernandez,20000,GU2345F,EconomyClass,Demorado
485,Melisse,Diaz,10000,GU2345F,EconomyClass,Demorado
486,Bartholomew,Moreno,33000,GU2345F,EconomyClass,Demorado
487,Rorie,Alvarez,25000,GU2345F,EconomyClass,Demorado
488,Hedvige,Muñoz,37000,GU2345F,EconomyClass,Demorado
489,Dorothea,Romero,15000,GU2345F,EconomyClass,Demorado
490,Tamarah,Alonso,50000,GU2345F,EconomyClass,Demorado
491,Skipton,Gutierrez,10000,GU2345F,EconomyClass,Demorado
492,Minny,Navarro,33000,GU2345F,EconomyClass,Demorado
493,Joshia,Torres,33000,GU2345F,EconomyClass,Demorado
494,Mirilla,Dominguez,30000,GU2345F,EconomyClass,Demorado
495,Willey,Vazquez,15000,GU2345F,EconomyClass,Demorado
496,Conrado,Ramos,50000,GU2345F,EconomyClass,Demorado
497,Fredia,Gonzalez,30000,GU2345F,EconomyClass,Demorado
498,Gretchen,Muñoz,12000,GU2345F,EconomyClass,Demorado
499,Bibbie,Rojas,37000,GU2345F,EconomyClass,Demorado
500,Warren,Diaz,25000,GU2345F,EconomyClass,Demorado
501,Gabi,Perez,30000,GU2345F,EconomyClass,Demorado
502,Callie,Soto,50000,GU2345F,EconomyClass,Demorado
503,Patton,Contreras,15000,GU2345F,EconomyClass,Demorado
504,Karie,Silva,25000,GU2345F,EconomyClass,Demorado
505,Martguerita,Martinez,50000,GU2345F,EconomyClass,Demorado
506,Lothaire,Sepulveda,20000,GU2345F,EconomyClass,Demorado
507,Patrice,Morales,37000,GU2345F,EconomyClass,Demorado
508,Lin,Rodriguez,12000,MM0987B,EconomyClass,Demorado
509,Cornie,Lopez,42000,MM0987B,EconomyClass,Demorado
510,Irena,Fuentes,20000,MM0987B,EconomyClass,Demorado
511,Markos,Hernandez,20000,MM0987B,EconomyClass,Demorado
512,Bird,Torres,18000,MM0987B,EconomyClass,Demorado
513,Lorna,Araya,42000,MM0987B,EconomyClass,Demorado
514,Vincents,Flores,25000,MM0987B,EconomyClass,Demorado
515,Torrey,Espinoza,42000,GU2345F,EconomyClass,Demorado
516,Pernell,Valenzuela,50000,GU2345F,EconomyClass,Demorado
517,Danya,Castillo,25000,GU2345F,EconomyClass,Demorado
518,Erda,Tapia,37000,GU2345F,EconomyClass,Demorado
519,Ethe,Reyes,20000,GU2345F,EconomyClass,Demorado
520,Coop,Gutierrez,37000,GU2345F,EconomyClass,Demorado
521,Sheridan,Castro,50000,GU2345F,EconomyClass,Demorado
522,Charles,Pizarro,42000,GU2345F,EconomyClass,Demorado
523,Eddy,Alvarez,12000,GU2345F,EconomyClass,Demorado
524,Janey,Vasquez,42000,GU2345F,EconomyClass,Demorado
525,Edan,Sanchez,20000,GU2345F,EconomyClass,Demorado
526,Homer,Fernandez,10000,GU2345F,EconomyClass,Demorado
527,Eveline,Ramirez,37000,GU2345F,EconomyClass,Demorado
528,Helen-elizabeth,Carrasco,20000,GU2345F,EconomyClass,Demorado
529,Daveta,Gomez,20000,GU2345F,EconomyClass,Demorado
530,Mort,Cortes,42000,GU2345F,EconomyClass,Demorado
531,Maxi,Herrera,37000,GU2345F,EconomyClass,Demorado
532,Nathalie,Nuñez,37000,GU2345F,EconomyClass,Demorado
533,Dennison,Jara,25000,GU2345F,EconomyClass,Demorado
534,Bunnie,Vergara,33000,GU2345F,EconomyClass,Demorado
535,Frans,Rivera,33000,BA2491A,EconomyClass,Demorado
536,Delmar,Figueroa,42000,BA2491A,EconomyClass,Demorado
537,Ced,Riquelme,20000,BA2491A,EconomyClass,Demorado
538,Caren,Garcia,12000,BA2491A,EconomyClass,Demorado
539,Christie,Miranda,18000,BA2491A,EconomyClass,Demorado
540,Saunders,Bravo,25000,BA2491A,EconomyClass,Demorado
541,Deny,Vera,18000,GU2345F,EconomyClass,Demorado
542,Gene,Molina,15000,GU2345F,EconomyClass,Demorado
543,Margeaux,Vega,18000,GU2345F,EconomyClass,Demorado
544,Prisca,Campos,18000,GU2345F,EconomyClass,Demorado
545,Domini,Sandoval,18000,GU2345F,EconomyClass,Demorado
546,Henrie,Orellana,50000,GU2345F,EconomyClass,Demorado
547,Marj,Cardenas,18000,GU2345F,EconomyClass,Demorado
548,Mab,Olivares,25000,GU2345F,EconomyClass,Demorado
549,Josiah,Alarcon,12000,GU2345F,EconomyClass,Demorado
550,Mathe,Gallardo,12000,GU2345F,EconomyClass,Demorado
551,Gauthier,Ortiz,12000,GU2345F,EconomyClass,Demorado
552,Delmore,Garrido,33000,GU2345F,EconomyClass,Demorado
553,Lynett,Salazar,37000,GU2345F,EconomyClass,Demorado
554,Lucais,Guzman,42000,GU2345F,EconomyClass,Demorado
555,Clarice,Henriquez,33000,GU2345F,EconomyClass,Demorado
556,Aeriela,Saavedra,37000,GU2345F,EconomyClass,Demorado
557,Babbie,Navarro,15000,GU2345F,EconomyClass,Demorado
558,Caren,Aguilera,15000,GU2345F,EconomyClass,Demorado
559,Jessamine,Parra,18000,GU2345F,EconomyClass,Demorado
560,Hesther,Romero,15000,GU2345F,EconomyClass,Demorado
561,Sasha,Aravena,15000,GU2345F,EconomyClass,Demorado
562,Erica,Vargas,10000,GU2345F,EconomyClass,Demorado
563,Keith,Vazquez,10000,GU2345F,EconomyClass,Demorado
564,Briney,Caceres,12000,GU2345F,EconomyClass,Demorado
565,Rutherford,Yañez,15000,GU2345F,EconomyClass,Demorado
566,Lemmie,Leiva,18000,GU2345F,EconomyClass,Demorado
567,Dur,Escobar,25000,GU2345F,EconomyClass,Demorado
568,Modesta,Ruiz,33000,GU2345F,EconomyClass,Demorado
569,Carter,Valdes,33000,GU2345F,EconomyClass,Demorado
570,Retha,Vidal,15000,GU2345F,EconomyClass,Demorado
571,Carma,Salinas,33000,GU2345F,EconomyClass,Demorado
572,Antonella,Zuñiga,15000,GU2345F,EconomyClass,Demorado
573,Sutherlan,Peña,10000,GU2345F,EconomyClass,Demorado
574,Phillipe,Godoy,37000,GU2345F,EconomyClass,Demorado
575,Florida,Lagos,37000,HY4567D,FirstClass,Demorado
576,Corrina,Maldonado,15000,HY4567D,FirstClass,Demorado
577,Adrianne,Bustos,10000,HY4567D,FirstClass,Demorado
578,Scarlett,Medina,20000,HY4567D,FirstClass,Demorado
579,Shel,Pino,25000,HY4567D,FirstClass,Demorado
580,Delaney,Palma,50000,HY4567D,FirstClass,Demorado
581,Tiphani,Moreno,33000,HY4567D,FirstClass,Demorado
582,Grier,Sanhueza,42000,HY4567D,FirstClass,Demorado
583,Annabell,Carvajal,15000,HY4567D,FirstClass,Demorado
584,Basil,Navarrete,12000,HY4567D,FirstClass,Demorado
585,Horatius,Saez,18000,HY4567D,FirstClass,Demorado
586,Umeko,Alvarado,30000,HY4567D,FirstClass,Demorado
587,Hayes,Donoso,10000,HY4567D,FirstClass,Demorado
588,Lynnette,Poblete,37000,HY4567D,FirstClass,Demorado
589,Hesther,Bustamante,33000,HY4567D,FirstClass,Demorado
590,Trumaine,Toro,15000,HY4567D,FirstClass,Demorado
591,Emlyn,Ortega,50000,HY4567D,FirstClass,Demorado
592,Corabelle,Venegas,37000,HY4567D,FirstClass,Demorado
593,Vic,Guerrero,25000,HY4567D,FirstClass,Demorado
594,Cyndia,Mendoza,33000,HY4567D,FirstClass,Demorado
595,Gray,Farias,42000,HY4567D,FirstClass,Demorado
596,Dylan,San Martin,30000,HY4567D,FirstClass,Demorado
597,Isabelle,Gonzalez,20000,HY4567D,FirstClass,Demorado
598,Eachelle,Fernandez,37000,HY4567D,FirstClass,Demorado
599,Howard,Rodriguez,18000,HY4567D,FirstClass,Demorado
600,Cornall,Lopez,18000,HY4567D,FirstClass,Demorado
601,Emmalee,Martinez,18000,HY4567D,FirstClass,Demorado
602,Brian,Sanchez,20000,HY4567D,FirstClass,Demorado
603,Cahra,Perez,50000,HY4567D,ExecutiveClass,Demorado
604,Arvin,Gomez,50000,HY4567D,ExecutiveClass,Demorado
605,Minda,Martin,15000,HY4567D,ExecutiveClass,Demorado
606,Dedie,Jimenez,33000,HY4567D,ExecutiveClass,Demorado
607,Lydia,Ruiz,15000,HY4567D,ExecutiveClass,Demorado
608,Joshia,Hernandez,25000,HY4567D,ExecutiveClass,Demorado
609,Bernita,Diaz,15000,HY4567D,ExecutiveClass,Demorado
610,Sayre,Moreno,33000,HY4567D,ExecutiveClass,Demorado
611,Pearla,Alvarez,20000,HY4567D,ExecutiveClass,Demorado
612,Fidole,Muñoz,30000,HY4567D,ExecutiveClass,Demorado
613,Evin,Romero,12000,HY4567D,ExecutiveClass,Demorado
614,Fredia,Alonso,20000,HY4567D,ExecutiveClass,Demorado
615,Idalina,Gutierrez,50000,HY4567D,ExecutiveClass,Demorado
616,Hetti,Navarro,30000,HY4567D,ExecutiveClass,Demorado
617,Kirk,Torres,30000,HY4567D,ExecutiveClass,Demorado
618,Orson,Dominguez,25000,HY4567D,ExecutiveClass,Demorado
619,Lyndsay,Vazquez,42000,HY4567D,ExecutiveClass,Demorado
620,Lissy,Ramos,37000,HY4567D,ExecutiveClass,Demorado
621,Odessa,Gonzalez,50000,HY4567D,ExecutiveClass,Demorado
622,Hestia,Muñoz,18000,HY4567D,ExecutiveClass,Demorado
623,Dorotea,Rojas,10000,HY4567D,ExecutiveClass,Demorado
624,Giraud,Diaz,15000,HY4567D,ExecutiveClass,Demorado
625,Tonya,Perez,37000,HY4567D,ExecutiveClass,Demorado
626,Menard,Soto,37000,HY4567D,ExecutiveClass,Demorado
627,Nicola,Contreras,12000,HY4567D,ExecutiveClass,Demorado
628,Maddy,Silva,25000,HY4567D,ExecutiveClass,Demorado
629,Mace,Martinez,18000,HY4567D,ExecutiveClass,Demorado
630,Lyndy,Sepulveda,37000,HY4567D,ExecutiveClass,Demorado
631,Ivonne,Morales,20000,HY4567D,ExecutiveClass,Demorado
632,Josepha,Rodriguez,20000,HY4567D,EconomyClass,Demorado
633,Shandra,Lopez,50000,HY4567D,EconomyClass,Demorado
634,Viva,Fuentes,25000,HY4567D,EconomyClass,Demorado
635,Sherwin,Hernandez,10000,HY4567D,EconomyClass,Demorado
636,Abigail,Torres,18000,HY4567D,EconomyClass,Demorado
637,Rosalia,Araya,18000,HY4567D,EconomyClass,Demorado
638,Merissa,Flores,25000,HY4567D,EconomyClass,Demorado
639,Marylee,Espinoza,50000,HY4567D,EconomyClass,Demorado
640,Wolfy,Valenzuela,33000,HY4567D,EconomyClass,Demorado
641,Maia,Castillo,10000,HY4567D,EconomyClass,Demorado
642,Elinor,Tapia,33000,HY4567D,EconomyClass,Demorado
643,Neron,Reyes,42000,HY4567D,EconomyClass,Demorado
644,Malachi,Gutierrez,25000,HY4567D,EconomyClass,Demorado
645,Sarajane,Castro,10000,HY4567D,EconomyClass,Demorado
646,Arlie,Pizarro,42000,HY4567D,EconomyClass,Demorado
647,Felike,Alvarez,12000,HY4567D,EconomyClass,Demorado
648,Ethan,Vasquez,12000,HY4567D,EconomyClass,Demorado
649,Ruthy,Sanchez,20000,HY4567D,EconomyClass,Demorado
650,Hugo,Fernandez,30000,HY4567D,EconomyClass,Demorado
651,Thorndike,Ramirez,10000,HY4567D,EconomyClass,Demorado
652,Cesaro,Carrasco,30000,HY4567D,EconomyClass,Demorado
653,Harmonia,Gomez,12000,HY4567D,EconomyClass,Demorado
654,Damara,Cortes,12000,HY4567D,EconomyClass,Demorado
655,Maddy,Herrera,25000,HY4567D,EconomyClass,Demorado
656,Filmer,Nuñez,50000,HY4567D,EconomyClass,Demorado
657,Boothe,Jara,12000,HY4567D,EconomyClass,Demorado
658,Dorrie,Vergara,42000,HY4567D,EconomyClass,Demorado
659,Willdon,Rivera,10000,HY4567D,EconomyClass,Demorado
660,Cindi,Figueroa,12000,HY4567D,EconomyClass,Demorado
661,Shermie,Riquelme,12000,HY4567D,EconomyClass,Demorado
662,Byrom,Garcia,42000,HY4567D,EconomyClass,Demorado
663,Millie,Miranda,15000,HY4567D,EconomyClass,Demorado
664,Natassia,Bravo,42000,HY4567D,EconomyClass,Demorado
665,Wheeler,Vera,25000,HY4567D,EconomyClass,Demorado
666,Caritta,Molina,12000,HY4567D,EconomyClass,Demorado
667,Kennan,Vega,12000,HY4567D,EconomyClass,Demorado
668,Katina,Campos,20000,HY4567D,EconomyClass,Demorado
669,Beverlee,Sandoval,25000,HY4567D,EconomyClass,Demorado
670,Arlette,Orellana,30000,HY4567D,EconomyClass,Demorado
671,Jacqueline,Cardenas,50000,HY4567D,EconomyClass,Demorado
672,Sheila-kathryn,Olivares,10000,HY4567D,EconomyClass,Demorado
673,Lambert,Alarcon,42000,HY4567D,EconomyClass,Demorado
674,Lamont,Gallardo,33000,HY4567D,EconomyClass,Demorado
675,Immanuel,Ortiz,33000,HY4567D,EconomyClass,Demorado
676,Nani,Garrido,50000,HY4567D,EconomyClass,Demorado
677,Galen,Salazar,50000,HY4567D,EconomyClass,Demorado
678,Nilson,Guzman,10000,HY4567D,EconomyClass,Demorado
679,Tomi,Henriquez,50000,HY4567D,EconomyClass,Demorado
680,Flore,Saavedra,30000,HY4567D,EconomyClass,Demorado
681,Burgess,Navarro,12000,HY4567D,EconomyClass,Demorado
682,Tally,Aguilera,42000,HY4567D,EconomyClass,Demorado
683,Jaquenette,Parra,25000,HY4567D,EconomyClass,Demorado
684,Sly,Romero,42000,HY4567D,EconomyClass,Demorado
685,Yul,Aravena,30000,HY4567D,EconomyClass,Demorado
686,Rosalyn,Vargas,37000,HY4567D,EconomyClass,Demorado
687,Devondra,Vazquez,10000,HY4567D,EconomyClass,Demorado
688,Xenos,Caceres,37000,HY4567D,EconomyClass,Demorado
689,Terrence,Yañez,42000,HY4567D,EconomyClass,Demorado
690,Krystyna,Leiva,50000,HY4567D,EconomyClass,Demorado
691,Krishna,Escobar,50000,HY4567D,EconomyClass,Demorado
692,Zorina,Ruiz,18000,HY4567D,EconomyClass,Demorado
693,Baxy,Valdes,20000,HY4567D,EconomyClass,Demorado
694,Terrie,Vidal,42000,HY4567D,EconomyClass,Demorado
695,Justino,Salinas,18000,HY4567D,EconomyClass,Demorado
696,Erhard,Zuñiga,33000,HY4567D,EconomyClass,Demorado
697,Robbie,Peña,30000,HY4567D,EconomyClass,Demorado
698,Paddie,Godoy,33000,HY4567D,EconomyClass,Demorado
699,Evelyn,Lagos,10000,HY4567D,EconomyClass,Demorado
700,Abbot,Maldonado,33000,HY4567D,EconomyClass,Demorado
701,Tedra,Bustos,33000,HY4567D,EconomyClass,Demorado
702,Rikki,Medina,12000,HY4567D,EconomyClass,Demorado
703,Alverta,Pino,25000,HY4567D,EconomyClass,Demorado
704,Pauly,Palma,30000,HY4567D,EconomyClass,Demorado
705,Ariella,Moreno,12000,HY4567D,EconomyClass,Demorado
706,Lia,Sanhueza,20000,HY4567D,EconomyClass,Demorado
707,Petronille,Carvajal,42000,HY4567D,EconomyClass,Demorado
708,Merle,Navarrete,10000,HY4567D,EconomyClass,Demorado
709,Hagan,Saez,50000,HY4567D,EconomyClass,Demorado
710,Nikolaus,Alvarado,30000,HY4567D,EconomyClass,Demorado
711,Cinda,Donoso,42000,HY4567D,EconomyClass,Demorado
712,Matelda,Poblete,18000,HY4567D,EconomyClass,Demorado
713,Roslyn,Bustamante,25000,HY4567D,EconomyClass,Demorado
714,Jerrylee,Toro,10000,HY4567D,EconomyClass,Demorado
715,Lucky,Ortega,42000,IB0800A,EconomyClass,Demorado
716,Elita,Venegas,18000,IB0800A,EconomyClass,Demorado
717,Hyacinthia,Guerrero,25000,IB0800A,EconomyClass,Demorado
718,Fina,Mendoza,42000,IB0800A,EconomyClass,Demorado
719,Kamila,Farias,42000,IB0800A,EconomyClass,Demorado
720,Jennie,San Martin,42000,IB0800A,EconomyClass,Demorado
721,Riobard,Gonzalez,42000,IB0800A,EconomyClass,Demorado
722,Joannes,Fernandez,10000,IB0800A,EconomyClass,Demorado
723,Darlene,Rodriguez,42000,IB0800A,EconomyClass,Demorado
724,Zia,Lopez,42000,IB0800A,EconomyClass,Demorado
725,Cristina,Martinez,15000,IB0800A,EconomyClass,Demorado
726,Jonathon,Sanchez,50000,IB0800A,EconomyClass,Demorado
727,Rickie,Perez,42000,IB0800A,EconomyClass,Demorado
728,Klara,Gomez,50000,IB0800A,EconomyClass,Demorado
729,Osbert,Martin,33000,IB0800A,EconomyClass,Demorado
730,Emmet,Jimenez,37000,IB0800A,EconomyClass,Demorado
731,Cassandry,Ruiz,33000,IB0800A,EconomyClass,Demorado
732,Enrica,Hernandez,18000,IB0800A,EconomyClass,Demorado
733,Evvy,Diaz,42000,IB0800A,EconomyClass,Demorado
734,Silas,Moreno,20000,IB0800A,EconomyClass,Demorado
735,Kaia,Alvarez,25000,IB0800A,EconomyClass,Demorado
736,Arvie,Muñoz,15000,IB0800A,EconomyClass,Demorado
737,Keith,Romero,20000,FR5678G,FirstClass,Demorado
738,Silvie,Alonso,12000,FR5678G,FirstClass,Demorado
739,Winnifred,Gutierrez,10000,FR5678G,FirstClass,Demorado
740,Chen,Navarro,37000,FR5678G,FirstClass,Demorado
741,Carleton,Torres,15000,FR5678G,FirstClass,Demorado
742,Silvano,Dominguez,12000,FR5678G,FirstClass,Demorado
743,Pancho,Vazquez,18000,FR5678G,FirstClass,Demorado
744,Melonie,Ramos,33000,FR5678G,FirstClass,Demorado
745,Gordon,Gonzalez,12000,FR5678G,FirstClass,Demorado
746,Rosemarie,Muñoz,10000,FR5678G,FirstClass,Demorado
747,Graehme,Rojas,18000,FR5678G,FirstClass,Demorado
748,Mitchael,Diaz,33000,FR5678G,FirstClass,Demorado
749,Carola,Perez,10000,FR5678G,FirstClass,Demorado
750,Zsa zsa,Soto,20000,FR5678G,FirstClass,Demorado
751,Jude,Contreras,12000,FR5678G,FirstClass,Demorado
752,Arch,Silva,33000,FR5678G,FirstClass,Demorado
753,Andrej,Martinez,50000,FR5678G,FirstClass,Demorado
754,Amber,Sepulveda,42000,FR5678G,FirstClass,Demorado
755,Dorian,Morales,15000,FR5678G,FirstClass,Demorado
756,Kaitlynn,Rodriguez,15000,FR5678G,FirstClass,Demorado
757,Kerianne,Lopez,37000,FR5678G,FirstClass,Demorado
758,Boycie,Fuentes,18000,FR5678G,FirstClass,Demorado
759,Nanete,Hernandez,37000,FR5678G,FirstClass,Demorado
760,Sidonia,Torres,10000,FR5678G,FirstClass,Demorado
761,Galvan,Araya,33000,FR5678G,FirstClass,Demorado
762,Lucienne,Flores,25000,FR5678G,FirstClass,Demorado
763,Davidson,Espinoza,37000,FR5678G,FirstClass,Demorado
764,Roslyn,Valenzuela,10000,FR5678G,FirstClass,Demorado
765,Jenny,Castillo,33000,FR5678G,ExecutiveClass,Demorado
766,Toby,Tapia,20000,FR5678G,ExecutiveClass,Demorado
767,Brynne,Reyes,18000,FR5678G,ExecutiveClass,Demorado
768,Blakeley,Gutierrez,18000,FR5678G,ExecutiveClass,Demorado
769,Egan,Castro,10000,FR5678G,ExecutiveClass,Demorado
770,Barbey,Pizarro,20000,FR5678G,ExecutiveClass,Demorado
771,Portia,Alvarez,33000,FR5678G,ExecutiveClass,Demorado
772,Alica,Vasquez,37000,FR5678G,ExecutiveClass,Demorado
773,Juliana,Sanchez,50000,FR5678G,ExecutiveClass,Demorado
774,Barde,Fernandez,18000,FR5678G,ExecutiveClass,Demorado
775,Wilie,Ramirez,30000,FR5678G,ExecutiveClass,Demorado
776,Letta,Carrasco,10000,FR5678G,ExecutiveClass,Demorado
777,Ree,Gomez,42000,FR5678G,ExecutiveClass,Demorado
778,Ingmar,Cortes,18000,FR5678G,ExecutiveClass,Demorado
779,Melva,Herrera,42000,FR5678G,ExecutiveClass,Demorado
780,Tootsie,Nuñez,25000,FR5678G,ExecutiveClass,Demorado
781,Felike,Jara,33000,FR5678G,ExecutiveClass,Demorado
782,Laughton,Vergara,15000,FR5678G,ExecutiveClass,Demorado
783,Crosby,Rivera,12000,FR5678G,ExecutiveClass,Demorado
784,Marianne,Figueroa,33000,FR5678G,ExecutiveClass,Demorado
785,Francine,Riquelme,42000,FR5678G,ExecutiveClass,Demorado
786,Edan,Garcia,50000,FR5678G,ExecutiveClass,Demorado
787,Fayre,Miranda,18000,FR5678G,ExecutiveClass,Demorado
788,Adelaida,Bravo,37000,FR5678G,ExecutiveClass,Demorado
789,Florella,Vera,25000,FR5678G,ExecutiveClass,Demorado
790,Noll,Molina,30000,FR5678G,ExecutiveClass,Demorado
791,Ki,Vega,42000,FR5678G,ExecutiveClass,Demorado
792,Jermayne,Campos,33000,FR5678G,ExecutiveClass,Demorado
793,Grayce,Sandoval,33000,FR5678G,ExecutiveClass,Demorado
794,Harv,Orellana,42000,FR5678G,ExecutiveClass,Demorado
795,Lorianna,Cardenas,15000,FR5678G,ExecutiveClass,Demorado
796,Hersh,Olivares,33000,FR5678G,ExecutiveClass,Demorado
797,Diahann,Alarcon,33000,FR5678G,ExecutiveClass,Demorado
798,Yelena,Gallardo,50000,FR5678G,ExecutiveClass,Demorado
799,Emmaline,Ortiz,37000,FR5678G,ExecutiveClass,Demorado
800,Daffi,Garrido,12000,FR5678G,ExecutiveClass,Demorado
801,Janine,Salazar,50000,FR5678G,ExecutiveClass,Demorado
802,Sheilah,Guzman,42000,FR5678G,ExecutiveClass,Demorado
803,Lazaro,Henriquez,10000,FR5678G,ExecutiveClass,Demorado
804,Earle,Saavedra,30000,FR5678G,ExecutiveClass,Demorado
805,Fred,Navarro,25000,FR5678G,EconomyClass,Demorado
806,Almira,Aguilera,42000,FR5678G,EconomyClass,Demorado
807,Wini,Parra,37000,FR5678G,EconomyClass,Demorado
808,Emanuel,Romero,30000,FR5678G,EconomyClass,Demorado
809,Obadias,Aravena,10000,FR5678G,EconomyClass,Demorado
810,Efrem,Vargas,20000,FR5678G,EconomyClass,Demorado
811,Susi,Vazquez,18000,FR5678G,EconomyClass,Demorado
812,Maxy,Caceres,15000,FR5678G,EconomyClass,Demorado
813,Agnes,Yañez,42000,FR5678G,EconomyClass,Demorado
814,Obadiah,Leiva,12000,FR5678G,EconomyClass,Demorado
815,Lefty,Escobar,50000,FR5678G,EconomyClass,Demorado
816,Michele,Ruiz,42000,FR5678G,EconomyClass,Demorado
817,Cynthia,Valdes,25000,FR5678G,EconomyClass,Demorado
818,Hyatt,Vidal,20000,FR5678G,EconomyClass,Demorado
819,Roch,Salinas,33000,FR5678G,EconomyClass,Demorado
820,Mag,Zuñiga,12000,FR5678G,EconomyClass,Demorado
821,Trevor,Peña,10000,FR5678G,EconomyClass,Demorado
822,Jefferey,Godoy,10000,FR5678G,EconomyClass,Demorado
823,Tania,Lagos,42000,FR5678G,EconomyClass,Demorado
824,Mercie,Maldonado,42000,FR5678G,EconomyClass,Demorado
825,Andrei,Bustos,10000,FR5678G,EconomyClass,Demorado
826,Yetta,Medina,25000,FR5678G,EconomyClass,Demorado
827,Angeli,Pino,20000,FR5678G,EconomyClass,Demorado
828,Norbert,Palma,20000,FR5678G,EconomyClass,Demorado
829,Conan,Moreno,20000,FR5678G,EconomyClass,Demorado
830,Cale,Sanhueza,50000,FR5678G,EconomyClass,Demorado
831,Christina,Carvajal,37000,FR5678G,EconomyClass,Demorado
832,Olivier,Navarrete,20000,FR5678G,EconomyClass,Demorado
833,Oby,Saez,12000,FR5678G,EconomyClass,Demorado
834,Chad,Alvarado,15000,FR5678G,EconomyClass,Demorado
835,Adelle,Donoso,10000,FR5678G,EconomyClass,Demorado
836,Keene,Poblete,25000,FR5678G,EconomyClass,Demorado
837,Corrina,Bustamante,50000,FR5678G,EconomyClass,Demorado
838,Hashim,Toro,50000,FR5678G,EconomyClass,Demorado
839,Oralia,Ortega,10000,FR5678G,EconomyClass,Demorado
840,Wadsworth,Venegas,30000,FR5678G,EconomyClass,Demorado
841,Shelley,Guerrero,15000,FR5678G,EconomyClass,Demorado
842,Irv,Mendoza,15000,FR5678G,EconomyClass,Demorado
843,Grant,Farias,33000,FR5678G,EconomyClass,Demorado
844,Bella,San Martin,18000,FR5678G,EconomyClass,Demorado
845,Yardley,Gonzalez,50000,FR5678G,EconomyClass,Demorado
846,Brendin,Fernandez,10000,FR5678G,EconomyClass,Demorado
847,Estella,Rodriguez,42000,FR5678G,EconomyClass,Demorado
848,Rasia,Lopez,37000,FR5678G,EconomyClass,Demorado
849,Gibb,Martinez,20000,FR5678G,EconomyClass,Demorado
850,Amanda,Sanchez,37000,FR5678G,EconomyClass,Demorado
851,Sidoney,Perez,20000,FR5678G,EconomyClass,Demorado
852,Giacopo,Gomez,18000,FR5678G,EconomyClass,Demorado
853,Eve,Martin,12000,FR5678G,EconomyClass,Demorado
854,Levon,Jimenez,25000,FR5678G,EconomyClass,Demorado
855,Vassili,Ruiz,33000,FR5678G,EconomyClass,Demorado
856,Henrieta,Hernandez,30000,FR5678G,EconomyClass,Demorado
857,Devlen,Diaz,37000,FR5678G,EconomyClass,Demorado
858,Ophelie,Moreno,37000,FR5678G,EconomyClass,Demorado
859,Abramo,Alvarez,37000,FR5678G,EconomyClass,Demorado
860,Fair,Muñoz,37000,FR5678G,EconomyClass,Demorado
861,Pietrek,Romero,25000,FR5678G,EconomyClass,Demorado
862,Holden,Alonso,50000,FR5678G,EconomyClass,Demorado
863,Cherish,Gutierrez,42000,FR5678G,EconomyClass,Demorado
864,Alonzo,Navarro,12000,FR5678G,EconomyClass,Demorado
865,Devonna,Torres,18000,FR5678G,EconomyClass,Demorado
866,Rubi,Dominguez,18000,FR5678G,EconomyClass,Demorado
867,Emmanuel,Vazquez,30000,FR5678G,EconomyClass,Demorado
868,Trumaine,Ramos,42000,FR5678G,EconomyClass,Demorado
869,Malory,Gonzalez,42000,FR5678G,EconomyClass,Demorado
870,Pearla,Muñoz,33000,FR5678G,EconomyClass,Demorado
871,Phelia,Rojas,33000,FR5678G,EconomyClass,Demorado
872,Madonna,Diaz,10000,FR5678G,EconomyClass,Demorado
873,Thomasa,Perez,18000,FR5678G,EconomyClass,Demorado
874,Estella,Soto,20000,FR5678G,EconomyClass,Demorado
875,Saw,Contreras,15000,FR5678G,EconomyClass,Demorado
876,Cecil,Silva,37000,FR5678G,EconomyClass,Demorado
877,Mac,Martinez,25000,FR5678G,EconomyClass,Demorado
878,Ralf,Sepulveda,12000,FR5678G,EconomyClass,Demorado
879,Barbey,Morales,12000,FR5678G,EconomyClass,Demorado
880,Josi,Rodriguez,18000,FR5678G,EconomyClass,Demorado
881,Kenna,Lopez,25000,FR5678G,EconomyClass,Demorado
882,Rina,Fuentes,25000,FR5678G,EconomyClass,Demorado
883,Callida,Hernandez,33000,FR5678G,EconomyClass,Demorado
884,Lona,Torres,30000,FR5678G,EconomyClass,Demorado
885,Jan,Araya,18000,FR5678G,EconomyClass,Demorado
886,Bailey,Flores,30000,FR5678G,EconomyClass,Demorado
887,Guillermo,Espinoza,42000,FR5678G,EconomyClass,Demorado
888,Katlin,Valenzuela,25000,FR5678G,EconomyClass,Demorado
889,Flo,Castillo,42000,FR5678G,EconomyClass,Demorado
890,Madel,Tapia,12000,FR5678G,EconomyClass,Demorado
891,Conant,Reyes,37000,FR5678G,EconomyClass,Demorado
892,Devland,Gutierrez,10000,FR5678G,EconomyClass,Demorado
893,Annamarie,Castro,20000,FR5678G,EconomyClass,Demorado
894,Gabbie,Pizarro,42000,FR5678G,EconomyClass,Demorado
895,Frasquito,Alvarez,15000,FR5678G,EconomyClass,Demorado
896,Oberon,Vasquez,15000,FR5678G,EconomyClass,Demorado
897,Gabriell,Sanchez,10000,FR5678G,EconomyClass,Demorado
898,Ki,Fernandez,30000,BR3456J,FirstClass,Demorado
899,Martelle,Ramirez,15000,BR3456J,FirstClass,Demorado
900,Riccardo,Carrasco,42000,BR3456J,FirstClass,Demorado
901,Shaughn,Gomez,50000,BR3456J,FirstClass,Demorado
902,Coral,Cortes,18000,BR3456J,FirstClass,Demorado
903,Judas,Herrera,10000,BR3456J,FirstClass,Demorado
904,Josiah,Nuñez,12000,BR3456J,FirstClass,Demorado
905,Freda,Jara,42000,BR3456J,FirstClass,Demorado
906,Lynn,Vergara,37000,BR3456J,ExecutiveClass,Demorado
907,Tabb,Rivera,50000,BR3456J,ExecutiveClass,Demorado
908,Brittany,Figueroa,18000,MM0987B,EconomyClass,Demorado
909,Leo,Riquelme,42000,MM0987B,EconomyClass,Demorado
910,Atlante,Garcia,33000,MM0987B,EconomyClass,Demorado
911,Maurie,Miranda,50000,MM0987B,EconomyClass,Demorado
912,Oren,Bravo,20000,MM0987B,EconomyClass,Demorado
913,Anetta,Vera,10000,MM0987B,EconomyClass,Demorado
914,Curry,Molina,20000,MM0987B,EconomyClass,Demorado
915,Tyrone,Vega,15000,MM0987B,EconomyClass,Demorado
916,Saunder,Campos,37000,MM0987B,EconomyClass,Demorado
917,Luis,Sandoval,12000,MM0987B,EconomyClass,Demorado
918,Alysia,Orellana,37000,MM0987B,EconomyClass,Demorado
919,Calypso,Cardenas,12000,BR3456J,ExecutiveClass,Demorado
920,Gretna,Olivares,42000,BR3456J,ExecutiveClass,Demorado
921,Odie,Alarcon,20000,BR3456J,ExecutiveClass,Demorado
922,Wenda,Gallardo,12000,BR3456J,ExecutiveClass,Demorado
923,Ezekiel,Ortiz,20000,BR3456J,ExecutiveClass,Demorado
924,Orlan,Garrido,25000,BR3456J,ExecutiveClass,Demorado
925,Wittie,Salazar,37000,BR3456J,ExecutiveClass,Demorado
926,Abbie,Guzman,18000,BR3456J,EconomyClass,Demorado
927,Robinia,Henriquez,10000,BR3456J,EconomyClass,Demorado
928,Hayden,Saavedra,30000,BR3456J,EconomyClass,Demorado
929,Melody,Navarro,20000,BR3456J,EconomyClass,Demorado
930,Emory,Aguilera,37000,BR3456J,EconomyClass,Demorado
931,Callie,Parra,10000,BR3456J,EconomyClass,Demorado
932,Debby,Romero,18000,IB0800A,EconomyClass,Demorado
933,Gui,Aravena,20000,IB0800A,EconomyClass,Demorado
934,Dorette,Vargas,37000,IB0800A,EconomyClass,Demorado
935,Jillane,Vazquez,37000,IB0800A,EconomyClass,Demorado
936,Carolina,Caceres,33000,IB0800A,EconomyClass,Demorado
937,Randy,Yañez,15000,IB0800A,EconomyClass,Demorado
938,Arabel,Leiva,50000,IB0800A,EconomyClass,Demorado
939,Verina,Escobar,37000,IB0800A,EconomyClass,Demorado
940,Josefina,Ruiz,30000,IB0800A,EconomyClass,Demorado
941,Nina,Valdes,25000,IB0800A,EconomyClass,Demorado
942,Vernen,Vidal,18000,IB0800A,EconomyClass,Demorado
943,Loria,Salinas,25000,IB0800A,EconomyClass,Demorado
944,Isabeau,Zuñiga,37000,BA2491A,EconomyClass,Demorado
945,Cherice,Peña,15000,BR3456J,EconomyClass,Demorado
946,Kimberley,Godoy,18000,BR3456J,EconomyClass,Demorado
947,Martyn,Lagos,25000,BR3456J,EconomyClass,Demorado
948,Agustin,Maldonado,25000,BR3456J,EconomyClass,Demorado
949,Clerissa,Bustos,15000,BR3456J,EconomyClass,Demorado
950,Lonna,Medina,10000,BR3456J,EconomyClass,Demorado
951,Wake,Pino,25000,BR3456J,EconomyClass,Demorado
952,Edwina,Palma,42000,MM0987B,EconomyClass,Demorado
953,Lacey,Moreno,50000,MM0987B,EconomyClass,Demorado
954,Laetitia,Sanhueza,33000,MM0987B,EconomyClass,Demorado
955,Delila,Carvajal,20000,MM0987B,EconomyClass,Demorado
956,Sioux,Navarrete,12000,MM0987B,EconomyClass,Demorado
957,Floyd,Saez,15000,MM0987B,EconomyClass,Demorado
958,Trista,Alvarado,50000,BR3456J,EconomyClass,Demorado
959,Shaughn,Donoso,15000,BR3456J,EconomyClass,Demorado
960,Zitella,Poblete,42000,BR3456J,EconomyClass,Demorado
961,Ginnie,Bustamante,15000,BR3456J,EconomyClass,Demorado
962,Burty,Toro,12000,BR3456J,EconomyClass,Demorado
963,Arley,Ortega,33000,BR3456J,EconomyClass,Demorado
964,Ansley,Venegas,37000,BR3456J,EconomyClass,Demorado
965,Kirstin,Guerrero,12000,BR3456J,EconomyClass,Demorado
966,Karon,Mendoza,10000,BR3456J,EconomyClass,Demorado
967,Esme,Farias,37000,BR3456J,EconomyClass,Demorado
968,Berenice,San Martin,10000,IB0800A,EconomyClass,Demorado
969,Charlie,Gonzalez,50000,IB0800A,EconomyClass,Demorado
970,Noach,Fernandez,12000,IB0800A,EconomyClass,Demorado
971,Mercedes,Rodriguez,12000,IB0800A,EconomyClass,Demorado
972,Sloan,Lopez,42000,IB0800A,EconomyClass,Demorado
973,Guglielma,Martinez,15000,IB0800A,EconomyClass,Demorado
974,Herrick,Sanchez,30000,IB0800A,EconomyClass,Demorado
975,Aleksandr,Perez,42000,IB0800A,EconomyClass,Demorado
976,Arlina,Gomez,33000,IB0800A,EconomyClass,Demorado
977,Wenonah,Martin,12000,IB0800A,EconomyClass,Demorado
978,Warner,Jimenez,30000,IB0800A,EconomyClass,Demorado
979,Libbey,Ruiz,42000,BA2491A,EconomyClass,Demorado
980,Brana,Hernandez,10000,BA2491A,EconomyClass,Demorado
981,Genevieve,Diaz,20000,BA2491A,EconomyClass,Demorado
982,Sharai,Moreno,10000,BA2491A,EconomyClass,Demorado
983,Josi,Alvarez,12000,BA2491A,EconomyClass,Demorado
984,Pebrook,Muñoz,33000,BA2491A,EconomyClass,Demorado
985,Erna,Romero,33000,BA2491A,EconomyClass,Demorado
986,Ferd,Alonso,25000,BA2491A,EconomyClass,Demorado
987,Mohammed,Gutierrez,42000,BA2491A,EconomyClass,Demorado
988,Dawn,Navarro,37000,BA2491A,EconomyClass,Demorado
989,Wandie,Torres,25000,BA2491A,EconomyClass,Demorado
990,Chiarra,Dominguez,18000,MM0987B,EconomyClass,Demorado
991,Zaccaria,Vazquez,33000,MM0987B,EconomyClass,Demorado
992,Trenna,Ramos,10000,MM0987B,EconomyClass,Demorado
993,Angelia,Moreno,50000,MM0987B,EconomyClass,Demorado
994,Raquela,Alvarez,12000,MM0987B,EconomyClass,Demorado
995,Maxi,Muñoz,18000,MM0987B,EconomyClass,Demorado
996,Atalanta,Romero,37000,MM0987B,EconomyClass,Demorado
997,De witt,Alonso,12000,MM0987B,EconomyClass,Demorado
998,Jaye,Gutierrez,25000,MM0987B,EconomyClass,Demorado
999,Tamarra,Navarro,15000,MM0987B,EconomyClass,Demorado
